mean_fit_time,std_fit_time,mean_score_time,std_score_time,params,split0_test_AP,split1_test_AP,split2_test_AP,split3_test_AP,split4_test_AP,mean_test_AP,std_test_AP,rank_test_AP,split0_train_AP,split1_train_AP,split2_train_AP,split3_train_AP,split4_train_AP,mean_train_AP,std_train_AP,split0_test_F1,split1_test_F1,split2_test_F1,split3_test_F1,split4_test_F1,mean_test_F1,std_test_F1,rank_test_F1,split0_train_F1,split1_train_F1,split2_train_F1,split3_train_F1,split4_train_F1,mean_train_F1,std_train_F1,split0_test_Recall,split1_test_Recall,split2_test_Recall,split3_test_Recall,split4_test_Recall,mean_test_Recall,std_test_Recall,rank_test_Recall,split0_train_Recall,split1_train_Recall,split2_train_Recall,split3_train_Recall,split4_train_Recall,mean_train_Recall,std_train_Recall,Model,param_model__C,param_model__max_depth,param_model__min_samples_leaf,param_model__n_neighbors,param_model__weights,param_model__kernel
0.012383127212524414,0.0007565828037519906,0.012045764923095703,0.0005636306502156361,{},0.12215909090909091,0.11813186813186813,0.11740331491712708,0.1228813559322034,0.11684782608695653,0.1194846911954492,0.0025221046852159533,1,0.11878453038674033,0.11977715877437325,0.11995827538247567,0.11860304287690179,0.12011173184357542,0.11944694785281329,0.0006266426984188724,0.0,0.0,0.0,0.0,0.0,0.0,0.0,1,0.0,0.0,0.0,0.0,0.0,0.0,0.0,0.0,0.0,0.0,0.0,0.0,0.0,0.0,1,0.0,0.0,0.0,0.0,0.0,0.0,0.0,Dummy Baseline,,,,,,
0.01821451187133789,0.0010939405825520676,0.013663291931152344,0.0003672110850164743,{'model__C': 0.1},0.5855356098285235,0.49200270862428735,0.48003212858311944,0.5964231466069168,0.4791307942371099,0.5266248775759914,0.052853646095755186,1,0.5220177593086459,0.5476668065589773,0.5533632519386453,0.5234941078096637,0.5517801925823813,0.5396644236396627,0.013938233476873512,0.4870848708487085,0.475177304964539,0.45161290322580644,0.4701492537313433,0.4551282051282051,0.4678305075797205,0.013072426698767617,3,0.4765957446808511,0.48305821025195483,0.4820960698689956,0.48588537211291705,0.4812554489973845,0.4817781691824206,0.003024547635756793,0.7674418604651163,0.7790697674418605,0.8235294117647058,0.7241379310344828,0.8255813953488372,0.7839520732110005,0.03787749154181361,2,0.813953488372093,0.8081395348837209,0.8,0.8279883381924198,0.8023255813953488,0.8104813885687164,0.01000409653922827,Logistic Regression,0.1,,,,,
0.02164740562438965,0.008335623014141827,0.013134193420410157,0.0010509765771987314,{'model__C': 1.0},0.5835030009441551,0.4921975659691534,0.47700341831030146,0.595978949610567,0.4797542205451621,0.5256874310758678,0.05269744147601598,2,0.5217396206983531,0.5480755966812454,0.5517631167865867,0.5227551207712438,0.5501939574313424,0.5389054824737542,0.013655331670692937,0.48148148148148145,0.48226950354609927,0.44660194174757284,0.4666666666666667,0.4630225080385852,0.4680084202960811,0.01318938073496045,2,0.47844463229078615,0.4844290657439446,0.48342059336823734,0.4851569126378287,0.4816753926701571,0.4826253193421907,0.002394804016068384,0.7558139534883721,0.7906976744186046,0.8117647058823529,0.7241379310344828,0.8372093023255814,0.7839247134298788,0.040062101212432956,3,0.8226744186046512,0.813953488372093,0.8028985507246377,0.8338192419825073,0.8023255813953488,0.8151342562158476,0.01200959278390033,Logistic Regression,1.0,,,,,
0.016084671020507812,0.00041553238123998785,0.01240682601928711,0.00025549996629151806,{'model__C': 10.0},0.583194510741401,0.4922071896283128,0.4772793147392952,0.5959128119698512,0.4792884895094054,0.5255764633176531,0.05264169609212064,3,0.5216888255098308,0.5480496493519584,0.5516735681152064,0.5225961977729745,0.5499526514443869,0.5387921784388714,0.013645670350352974,0.48148148148148145,0.4876325088339223,0.44660194174757284,0.46494464944649444,0.46153846153846156,0.46843980860958656,0.014664120370845605,1,0.4809483488569009,0.4835924006908463,0.4851657940663176,0.4855687606112054,0.4816753926701571,0.4833901393790854,0.0018353717285378216,0.7558139534883721,0.8023255813953488,0.8117647058823529,0.7241379310344828,0.8372093023255814,0.7862502948252276,0.04071986509057221,1,0.8255813953488372,0.813953488372093,0.8057971014492754,0.8338192419825073,0.8023255813953488,0.8162953617096124,0.011867345127020727,Logistic Regression,10.0,,,,,
0.0159088134765625,0.0003902580961415759,0.013225650787353516,0.0009788255249573562,"{'model__max_depth': 3, 'model__min_samples_leaf': 5}",0.41177806400369193,0.3528930963167486,0.3431962244246157,0.39625310042175393,0.33003668481743503,0.3668314339968491,0.03159932898076885,4,0.36409283159061556,0.3873639418615883,0.4354207465109153,0.3697984507486798,0.4011301690838249,0.3915612279591248,0.025538091093096207,0.5276595744680851,0.47692307692307695,0.4429530201342282,0.5089285714285714,0.4444444444444444,0.4801817374796812,0.03392425634993257,1,0.49659201557935734,0.49070631970260226,0.4889705882352941,0.5159958720330238,0.5342624854819977,0.5053054562064551,0.017370557163573833,0.7209302325581395,0.7209302325581395,0.7764705882352941,0.6551724137931034,0.6046511627906976,0.6956309259870748,0.05954724063897203,2,0.7412790697674418,0.7674418604651163,0.7710144927536232,0.7288629737609329,0.6686046511627907,0.735440609581981,0.03697020278586068,Decision Tree,,3,5.0,,,
0.01742563247680664,0.002504552004375222,0.019577789306640624,0.0126863028821574,"{'model__max_depth': 3, 'model__min_samples_leaf': 20}",0.41177806400369193,0.3528930963167486,0.3431962244246157,0.39625310042175393,0.3316249030241742,0.36714907763819693,0.031233730896944648,3,0.36409283159061556,0.3873639418615883,0.4354207465109153,0.3697984507486798,0.4310429393609707,0.3975437820145539,0.030163741874099162,0.5276595744680851,0.47692307692307695,0.4429530201342282,0.5089285714285714,0.4351464435146444,0.4783221372937212,0.03602223998935238,2,0.49659201557935734,0.49070631970260226,0.4889705882352941,0.5159958720330238,0.5257142857142857,0.5035958162529126,0.014642934913645222,0.7209302325581395,0.7209302325581395,0.7764705882352941,0.6551724137931034,0.6046511627906976,0.6956309259870748,0.05954724063897203,2,0.7412790697674418,0.7674418604651163,0.7710144927536232,0.7288629737609329,0.6686046511627907,0.735440609581981,0.03697020278586068,Decision Tree,,3,20.0,,,
0.017163753509521484,0.0011106264726073636,0.012343788146972656,0.0008691614698421158,"{'model__max_depth': 6, 'model__min_samples_leaf': 5}",0.4598613370837082,0.3328373653371786,0.3523946286974681,0.41560012659804,0.32902922542184887,0.3779445366276487,0.051397408534681714,2,0.5227466471008531,0.556973917172675,0.6158386232420179,0.5426852733264769,0.5563228904334564,0.5589134702550959,0.031055883452835803,0.4758364312267658,0.42570281124497994,0.39869281045751637,0.4199288256227758,0.40425531914893614,0.4248832395401948,0.02732359907953474,4,0.5447897623400365,0.5536723163841808,0.5376884422110553,0.5221757322175732,0.5280289330922242,0.537271037249014,0.011304796631550337,0.7441860465116279,0.6162790697674418,0.7176470588235294,0.6781609195402298,0.6627906976744186,0.6838127584634495,0.0443268839927316,4,0.8662790697674418,0.8546511627906976,0.9304347826086956,0.9096209912536443,0.8488372093023255,0.881964643144561,0.03226055890583735,Decision Tree,,6,5.0,,,
0.017729854583740233,0.0005145324739758973,0.012489223480224609,0.0001886562452118412,"{'model__max_depth': 6, 'model__min_samples_leaf': 20}",0.4941131216982079,0.39433048944775473,0.3691099782188167,0.4513316513138476,0.3315946745706537,0.40809598304985617,0.05801744347574979,1,0.526833098527001,0.5239528038557818,0.5973139666154396,0.5392726699163114,0.5625099889869061,0.549976505580288,0.02729595524234344,0.48091603053435117,0.44106463878326996,0.40939597315436244,0.44368600682593856,0.410958904109589,0.43720431068150223,0.02619066235361146,3,0.51985559566787,0.521505376344086,0.5262237762237763,0.5053147996729354,0.5110132158590308,0.5167825527535397,0.007558835425589496,0.7325581395348837,0.6744186046511628,0.7176470588235294,0.7471264367816092,0.6976744186046512,0.7138849316791672,0.0256445380421222,1,0.8372093023255814,0.8459302325581395,0.8724637681159421,0.9008746355685131,0.8430232558139535,0.8599002388764261,0.023797544775085916,Decision Tree,,6,20.0,,,
0.1592864990234375,0.006554380394962752,0.023579883575439452,0.0006116867994719371,"{'model__max_depth': 6, 'model__min_samples_leaf': 3}",0.5839828818885887,0.46109470304124206,0.49054360669406716,0.5234239167334843,0.43074022044442617,0.4979570657603617,0.05287891639170518,4,0.6670591306991429,0.6765451545186173,0.6955695350375966,0.6870199836070109,0.6964355469458173,0.684525870161637,0.01130311768053336,0.5,0.4714828897338403,0.46153846153846156,0.48360655737704916,0.48109965635738833,0.47954551300134785,0.012857319142895687,3,0.5510026155187445,0.5727272727272728,0.5703839122486288,0.5711645101663586,0.5730129390018485,0.5676582499325706,0.00838452074643631,0.7558139534883721,0.7209302325581395,0.7764705882352941,0.6781609195402298,0.813953488372093,0.7490658364388257,0.04653189083688936,2,0.9186046511627907,0.9156976744186046,0.9043478260869565,0.9008746355685131,0.9011627906976745,0.9081375155869079,0.007516314105630829,Random Forest,,6,3.0,,,
0.16487407684326172,0.01485914124430945,0.02578139305114746,0.003352275438925067,"{'model__max_depth': 6, 'model__min_samples_leaf': 10}",0.5916205977065715,0.46318720966605154,0.5019550551943381,0.5567333928889633,0.4339279301779217,0.5094848371267692,0.058116647012287165,1,0.6315382266511279,0.6390770393672525,0.6531451673317374,0.6394041460492436,0.653820503062284,0.643397016492329,0.008705304478260551,0.48854961832061067,0.46153846153846156,0.4542372881355932,0.4669260700389105,0.4721311475409836,0.46867651711491193,0.011570495743988312,4,0.5255972696245734,0.539543057996485,0.5428824049513705,0.5421577515865821,0.5397111913357401,0.5379783350989503,0.006328654739496588,0.7441860465116279,0.7325581395348837,0.788235294117647,0.6896551724137931,0.8372093023255814,0.7583687909807066,0.05039193503734983,1,0.8953488372093024,0.8924418604651163,0.8898550724637682,0.8717201166180758,0.8691860465116279,0.883710386653578,0.010992473443669513,Random Forest,,6,10.0,,,
0.1917501926422119,0.006634259984062585,0.027410268783569336,0.0005824589407206209,"{'model__max_depth': None, 'model__min_samples_leaf': 3}",0.5713903266750548,0.4695459517103116,0.5048828731342467,0.5403646315145307,0.4257464543242787,0.5023860474716846,0.05130749781480575,2,0.9927720878552888,0.9898855034143226,0.9888817049957103,0.9908294513162766,0.9881866238932583,0.9901110742949714,0.001603920145004033,0.5462962962962963,0.5204081632653061,0.5414847161572053,0.5353535353535354,0.47619047619047616,0.5239466374525639,0.02541802711804764,1,0.8084606345475911,0.7926267281105991,0.8127208480565371,0.7976744186046512,0.8259303721488596,0.8074826002936476,0.01170993973863823,0.686046511627907,0.5930232558139535,0.7294117647058823,0.6091954022988506,0.5813953488372093,0.6398144566567605,0.05780106511306037,4,1.0,1.0,1.0,1.0,1.0,1.0,0.0,Random Forest,,,3.0,,,
0.17549386024475097,0.006311312032558046,0.027389383316040038,0.0031704133295933196,"{'model__max_depth': None, 'model__min_samples_leaf': 10}",0.5743557592885987,0.46893210179715156,0.48044007887927515,0.5449891479166025,0.4379029727345578,0.5013240121232372,0.05049333210896302,3,0.7532528665012089,0.7530513006035187,0.7536634017618289,0.7430153926615972,0.7556698980596321,0.7517305719175571,0.0044557867135982705,0.5060240963855421,0.47843137254901963,0.475177304964539,0.4666666666666667,0.49110320284697506,0.48348052868254854,0.013736528410465687,2,0.600739371534196,0.6060606060606061,0.6073102155576382,0.6073793755912961,0.627906976744186,0.6098793090975845,0.009337747709982856,0.7325581395348837,0.7093023255813954,0.788235294117647,0.6436781609195402,0.8023255813953488,0.735219900309763,0.05722324722588897,3,0.9447674418604651,0.9302325581395349,0.9391304347826087,0.9358600583090378,0.9418604651162791,0.9383701916415852,0.005024074786175887,Random Forest,,,10.0,,,
0.01738882064819336,0.0028072548512932784,0.0724256992340088,0.014840482123370623,"{'model__n_neighbors': 9, 'model__weights': 'uniform'}",0.4056627820840194,0.34207923385054173,0.38464933710267424,0.3912183363087207,0.33630858796801977,0.37198365546279516,0.027682705363948918,4,0.5163554174137992,0.5452992445371573,0.5549493400089544,0.5390204666939062,0.55120084672792,0.5413650630763475,0.013621545521354417,0.3252032520325203,0.2857142857142857,0.2711864406779661,0.35294117647058826,0.288,0.3046090309790721,0.03003351154870807,1,0.3891213389121339,0.432,0.4376278118609407,0.4122448979591837,0.43824701195219123,0.4218482121368899,0.018890458299978666,0.23255813953488372,0.19767441860465115,0.18823529411764706,0.2413793103448276,0.20930232558139536,0.21382989763668098,0.020230172149183948,1,0.2703488372093023,0.313953488372093,0.3101449275362319,0.2944606413994169,0.31976744186046513,0.3017350672755018,0.017794351949234472,KNN,,,,9.0,uniform,
0.019695758819580078,0.0028646006070219823,0.06821346282958984,0.0011387633193550278,"{'model__n_neighbors': 9, 'model__weights': 'distance'}",0.4469017140168719,0.3755408265636385,0.4077154460134196,0.4167370266934738,0.3596959468169032,0.40131819202086144,0.030833120713288416,3,1.0,1.0,1.0,1.0,1.0,1.0,0.0,0.3225806451612903,0.2857142857142857,0.2711864406779661,0.35294117647058826,0.27419354838709675,0.3013232192822454,0.031635976147266535,2,1.0,1.0,1.0,1.0,1.0,1.0,0.0,0.23255813953488372,0.19767441860465115,0.18823529411764706,0.2413793103448276,0.19767441860465115,0.21150431624133215,0.021259154620232094,2,1.0,1.0,1.0,1.0,1.0,1.0,0.0,KNN,,,,9.0,distance,
0.018425893783569337,0.003465479038535855,0.06676487922668457,0.0023156646964130542,"{'model__n_neighbors': 21, 'model__weights': 'uniform'}",0.47981341906002534,0.4238035670845005,0.4108987689244431,0.5524090679060754,0.3969377017045367,0.45277250493591614,0.057216763447190074,2,0.5179828553187535,0.5192553669144998,0.5433629470481922,0.5058756240736385,0.5515208629862565,0.5275995312682682,0.017057251051059458,0.3008849557522124,0.21818181818181817,0.26548672566371684,0.3486238532110092,0.2975206611570248,0.2861396027931563,0.04311852802834212,3,0.30699774266365687,0.35974304068522484,0.3600867678958785,0.34347826086956523,0.3811563169164882,0.3502924258061627,0.024733319491026237,0.19767441860465115,0.13953488372093023,0.17647058823529413,0.21839080459770116,0.20930232558139536,0.1882746041479944,0.028115484164434584,3,0.19767441860465115,0.2441860465116279,0.24057971014492754,0.2303206997084548,0.25872093023255816,0.2342963610404439,0.02044905125283484,KNN,,,,21.0,uniform,
0.02075648307800293,0.005022273867236066,0.07332873344421387,0.0035776429180995116,"{'model__n_neighbors': 21, 'model__weights': 'distance'}",0.4979603647456987,0.445741866022983,0.42547687633676473,0.5719275247030062,0.4028974621534014,0.46880081879237084,0.06039425188076039,1,1.0,1.0,1.0,1.0,1.0,1.0,0.0,0.3008849557522124,0.21818181818181817,0.26548672566371684,0.3486238532110092,0.2975206611570248,0.2861396027931563,0.04311852802834212,3,1.0,1.0,1.0,1.0,1.0,1.0,0.0,0.19767441860465115,0.13953488372093023,0.17647058823529413,0.21839080459770116,0.20930232558139536,0.1882746041479944,0.028115484164434584,3,1.0,1.0,1.0,1.0,1.0,1.0,0.0,KNN,,,,21.0,distance,
0.3636343955993652,0.03630941913968586,0.033556127548217775,0.0024892398891387365,"{'model__C': 0.1, 'model__kernel': 'linear'}",0.5816788207163014,0.490604749714411,0.48028324839583125,0.6024330168937183,0.4815364425936327,0.5273072556627789,0.053391845104360645,2,0.5180566690041291,0.5469700634658696,0.5497467452138095,0.5216121611597353,0.551143293869284,0.5375057865425654,0.014534584368271774,0.48375451263537905,0.47719298245614034,0.4394904458598726,0.47619047619047616,0.46153846153846156,0.467633375736066,0.01583460504621601,3,0.47088186356073214,0.4846938775510204,0.48671808054841476,0.48046550290939316,0.48138528138528136,0.4808289211909684,0.0054590411358579225,0.7790697674418605,0.7906976744186046,0.8117647058823529,0.7471264367816092,0.8372093023255814,0.7931735773700017,0.030364985881792487,1,0.8226744186046512,0.8284883720930233,0.8231884057971014,0.8425655976676385,0.8081395348837209,0.825011265809227,0.011078662491547209,SVM,0.1,,,,,linear
0.6572338104248047,0.10887841622620192,0.12601118087768554,0.010515930660780378,"{'model__C': 0.1, 'model__kernel': 'rbf'}",0.5387966692804684,0.42609081615225125,0.4713251663592348,0.5286005188784322,0.4469488947548705,0.48235241308505145,0.04441895522604279,3,0.49766716671397365,0.5360435395791198,0.5300177893103014,0.5184815844268988,0.5392909717538829,0.5243002103568354,0.015089697405649936,0.47686832740213525,0.4529616724738676,0.44025157232704404,0.47058823529411764,0.4786885245901639,0.4638716664174657,0.014903030517480766,4,0.475020475020475,0.4991304347826087,0.49695916594265854,0.4858369098712446,0.4933920704845815,0.4900678112203137,0.008774912744109197,0.7790697674418605,0.7558139534883721,0.8235294117647058,0.735632183908046,0.8488372093023255,0.7885765051810619,0.04199981464424307,3,0.8430232558139535,0.8343023255813954,0.8289855072463768,0.8250728862973761,0.813953488372093,0.8290674926622389,0.009659850186616822,SVM,0.1,,,,,rbf
0.4921254634857178,0.012789301591424487,0.031676721572875974,0.0014630427952863078,"{'model__C': 1.0, 'model__kernel': 'linear'}",0.5790737108694076,0.4938562006842505,0.48109175685270766,0.6011957811324251,0.4819269533597794,0.5274288805797142,0.05187181000155711,1,0.518079182674364,0.5470009120373082,0.5489864616733512,0.5215495205940436,0.5498934488517567,0.5371019051661647,0.014188708518727654,0.4908424908424908,0.4738675958188153,0.4380952380952381,0.47619047619047616,0.46153846153846156,0.46810685249709644,0.017659451550933136,2,0.47324414715719065,0.4868085106382979,0.4854202401372213,0.48040033361134277,0.4804177545691906,0.4812581972226487,0.004770657240165173,0.7790697674418605,0.7906976744186046,0.8117647058823529,0.7471264367816092,0.8372093023255814,0.7931735773700017,0.030364985881792487,1,0.8226744186046512,0.8313953488372093,0.8202898550724638,0.8396501457725948,0.8023255813953488,0.8232670699364535,0.012507878141442663,SVM,1.0,,,,,linear
0.5277921199798584,0.010375731784592718,0.10898246765136718,0.005085568251792111,"{'model__C': 1.0, 'model__kernel': 'rbf'}",0.4892820269615954,0.3914635331349645,0.4435027364914964,0.46295360177580697,0.4068427588159874,0.4388089314359701,0.03582165048098418,4,0.5600633732355504,0.5803979181794148,0.5911570863836938,0.5798477893485553,0.5940543526230218,0.5811041039540472,0.01194621923642471,0.4714285714285714,0.460431654676259,0.45774647887323944,0.4868913857677903,0.4734982332155477,0.4699992647922816,0.010404800571360043,1,0.5448154657293497,0.5648312611012434,0.5662431941923775,0.5602901178603807,0.576395242451967,0.5625150562670637,0.010297079604119705,0.7674418604651163,0.7441860465116279,0.7647058823529411,0.7471264367816092,0.7790697674418605,0.7605059987106311,0.01308214223728765,4,0.9011627906976745,0.9244186046511628,0.9043478260869565,0.9008746355685131,0.9156976744186046,0.9093003062845822,0.009286844583536683,SVM,1.0,,,,,rbf
