MSSV,Split
SV20210002,train
SV20210003,train
SV20210004,train
SV20210005,train
SV20210006,train
SV20210007,train
SV20210008,train
SV20210009,train
SV20210010,train
SV20210011,train
SV20210012,train
SV20210013,train
SV20210014,train
SV20210015,train
SV20210018,train
SV20210019,train
SV20210020,train
SV20210021,train
SV20210023,train
SV20210025,train
SV20210026,train
SV20210027,train
SV20210028,train
SV20210029,train
SV20210034,train
SV20210035,train
SV20210036,train
SV20210037,train
SV20210038,train
SV20210039,train
SV20210041,train
SV20210043,train
SV20210046,train
SV20210047,train
SV20210048,train
SV20210049,train
SV20210051,train
SV20210053,train
SV20210054,train
SV20210055,train
SV20210056,train
SV20210062,train
SV20210063,train
SV20210065,train
SV20210067,train
SV20210069,train
SV20210070,train
SV20210072,train
SV20210073,train
SV20210074,train
SV20210075,train
SV20210076,train
SV20210078,train
SV20210080,train
SV20210081,train
SV20210083,train
SV20210084,train
SV20210085,train
SV20210086,train
SV20210087,train
SV20210088,train
SV20210091,train
SV20210092,train
SV20210093,train
SV20210094,train
SV20210095,train
SV20210096,train
SV20210097,train
SV20210098,train
SV20210101,train
SV20210103,train
SV20210105,train
SV20210106,train
SV20210109,train
SV20210110,train
SV20210111,train
SV20210113,train
SV20210114,train
SV20210115,train
SV20210117,train
SV20210118,train
SV20210120,train
SV20210121,train
SV20210122,train
SV20210123,train
SV20210127,train
SV20210128,train
SV20210130,train
SV20210131,train
SV20210132,train
SV20210135,train
SV20210138,train
SV20210140,train
SV20210141,train
SV20210143,train
SV20210144,train
SV20210145,train
SV20210146,train
SV20210147,train
SV20210149,train
SV20210150,train
SV20210152,train
SV20210153,train
SV20210155,train
SV20210158,train
SV20210159,train
SV20210160,train
SV20210161,train
SV20210162,train
SV20210165,train
SV20210167,train
SV20210171,train
SV20210173,train
SV20210179,train
SV20210181,train
SV20210182,train
SV20210183,train
SV20210184,train
SV20210186,train
SV20210187,train
SV20210188,train
SV20210189,train
SV20210190,train
SV20210191,train
SV20210192,train
SV20210194,train
SV20210195,train
SV20210196,train
SV20210200,train
SV20210201,train
SV20210202,train
SV20210203,train
SV20210205,train
SV20210206,train
SV20210207,train
SV20210208,train
SV20210210,train
SV20210211,train
SV20210212,train
SV20210213,train
SV20210214,train
SV20210215,train
SV20210220,train
SV20210222,train
SV20210223,train
SV20210224,train
SV20210225,train
SV20210227,train
SV20210230,train
SV20210231,train
SV20210233,train
SV20210235,train
SV20210236,train
SV20210239,train
SV20210243,train
SV20210244,train
SV20210246,train
SV20210247,train
SV20210249,train
SV20210251,train
SV20210252,train
SV20210253,train
SV20210254,train
SV20210255,train
SV20210256,train
SV20210257,train
SV20210258,train
SV20210259,train
SV20210261,train
SV20210263,train
SV20210265,train
SV20210266,train
SV20210267,train
SV20210268,train
SV20210269,train
SV20210273,train
SV20210274,train
SV20210277,train
SV20210279,train
SV20210280,train
SV20210282,train
SV20210284,train
SV20210285,train
SV20210286,train
SV20210287,train
SV20210289,train
SV20210292,train
SV20210293,train
SV20210295,train
SV20210296,train
SV20210297,train
SV20210299,train
SV20210301,train
SV20210302,train
SV20210303,train
SV20210305,train
SV20210306,train
SV20210308,train
SV20210309,train
SV20210312,train
SV20210313,train
SV20210314,train
SV20210315,train
SV20210316,train
SV20210318,train
SV20210319,train
SV20210320,train
SV20210322,train
SV20210325,train
SV20210326,train
SV20210327,train
SV20210328,train
SV20210329,train
SV20210330,train
SV20210331,train
SV20210334,train
SV20210335,train
SV20210336,train
SV20210337,train
SV20210338,train
SV20210341,train
SV20210342,train
SV20210344,train
SV20210346,train
SV20210347,train
SV20210348,train
SV20210349,train
SV20210353,train
SV20210357,train
SV20210358,train
SV20210360,train
SV20210362,train
SV20210363,train
SV20210365,train
SV20210367,train
SV20210369,train
SV20210370,train
SV20210371,train
SV20210373,train
SV20210374,train
SV20210375,train
SV20210377,train
SV20210378,train
SV20210380,train
SV20210383,train
SV20210384,train
SV20210385,train
SV20210386,train
SV20210388,train
SV20210389,train
SV20210391,train
SV20210392,train
SV20210393,train
SV20210394,train
SV20210397,train
SV20210398,train
SV20210399,train
SV20210401,train
SV20210402,train
SV20210404,train
SV20210405,train
SV20210407,train
SV20210408,train
SV20210410,train
SV20210411,train
SV20210412,train
SV20210415,train
SV20210418,train
SV20210420,train
SV20210425,train
SV20210435,train
SV20210436,train
SV20210437,train
SV20210438,train
SV20210439,train
SV20210441,train
SV20210442,train
SV20210444,train
SV20210446,train
SV20210447,train
SV20210448,train
SV20210449,train
SV20210450,train
SV20210453,train
SV20210455,train
SV20210456,train
SV20210457,train
SV20210458,train
SV20210459,train
SV20210460,train
SV20210464,train
SV20210468,train
SV20210469,train
SV20210470,train
SV20210471,train
SV20210473,train
SV20210474,train
SV20210475,train
SV20210476,train
SV20210477,train
SV20210479,train
SV20210481,train
SV20210484,train
SV20210485,train
SV20210486,train
SV20210488,train
SV20210497,train
SV20210499,train
SV20210500,train
SV20210502,train
SV20210503,train
SV20210505,train
SV20210507,train
SV20210508,train
SV20210509,train
SV20210511,train
SV20210513,train
SV20210514,train
SV20210515,train
SV20210516,train
SV20210517,train
SV20210518,train
SV20210519,train
SV20210521,train
SV20210522,train
SV20210524,train
SV20210526,train
SV20210528,train
SV20210530,train
SV20210531,train
SV20210535,train
SV20210540,train
SV20210541,train
SV20210542,train
SV20210545,train
SV20210546,train
SV20210547,train
SV20210548,train
SV20210550,train
SV20210551,train
SV20210553,train
SV20210554,train
SV20210558,train
SV20210560,train
SV20210562,train
SV20210564,train
SV20210565,train
SV20210566,train
SV20210569,train
SV20210570,train
SV20210573,train
SV20210574,train
SV20210576,train
SV20210577,train
SV20210578,train
SV20210580,train
SV20210581,train
SV20210587,train
SV20210590,train
SV20210592,train
SV20210593,train
SV20210594,train
SV20210596,train
SV20210600,train
SV20210601,train
SV20210603,train
SV20210604,train
SV20210605,train
SV20210607,train
SV20210609,train
SV20210610,train
SV20210612,train
SV20210614,train
SV20210616,train
SV20210617,train
SV20210618,train
SV20210620,train
SV20210623,train
SV20210624,train
SV20210625,train
SV20210628,train
SV20210629,train
SV20210631,train
SV20210632,train
SV20210634,train
SV20210638,train
SV20210640,train
SV20210642,train
SV20210643,train
SV20210644,train
SV20210645,train
SV20210646,train
SV20210649,train
SV20210650,train
SV20210651,train
SV20210652,train
SV20210653,train
SV20210658,train
SV20210659,train
SV20210661,train
SV20210662,train
SV20210664,train
SV20210665,train
SV20210666,train
SV20210667,train
SV20210669,train
SV20210671,train
SV20210672,train
SV20210673,train
SV20210674,train
SV20210676,train
SV20210677,train
SV20210678,train
SV20210679,train
SV20210681,train
SV20210684,train
SV20210687,train
SV20210688,train
SV20210689,train
SV20210690,train
SV20210691,train
SV20210692,train
SV20210693,train
SV20210694,train
SV20210696,train
SV20210697,train
SV20210698,train
SV20210699,train
SV20210700,train
SV20210702,train
SV20210703,train
SV20210704,train
SV20210706,train
SV20210708,train
SV20210709,train
SV20210710,train
SV20210711,train
SV20210712,train
SV20210715,train
SV20210717,train
SV20210718,train
SV20210720,train
SV20210723,train
SV20210724,train
SV20210726,train
SV20210727,train
SV20210728,train
SV20210730,train
SV20210732,train
SV20210733,train
SV20210734,train
SV20210735,train
SV20210736,train
SV20210739,train
SV20210741,train
SV20210743,train
SV20210747,train
SV20210748,train
SV20210750,train
SV20210751,train
SV20210752,train
SV20210754,train
SV20210757,train
SV20210758,train
SV20210759,train
SV20210762,train
SV20210764,train
SV20210765,train
SV20210767,train
SV20210769,train
SV20210770,train
SV20210772,train
SV20210773,train
SV20210774,train
SV20210775,train
SV20210776,train
SV20210777,train
SV20210779,train
SV20210782,train
SV20210786,train
SV20210787,train
SV20210788,train
SV20210789,train
SV20210790,train
SV20210791,train
SV20210795,train
SV20210796,train
SV20210797,train
SV20210798,train
SV20210801,train
SV20210802,train
SV20210803,train
SV20210804,train
SV20210805,train
SV20210806,train
SV20210807,train
SV20210808,train
SV20210809,train
SV20210810,train
SV20210811,train
SV20210813,train
SV20210815,train
SV20210816,train
SV20210820,train
SV20210822,train
SV20210824,train
SV20210826,train
SV20210827,train
SV20210828,train
SV20210831,train
SV20210833,train
SV20210834,train
SV20210835,train
SV20210836,train
SV20210837,train
SV20210838,train
SV20210840,train
SV20210842,train
SV20210843,train
SV20210845,train
SV20210846,train
SV20210847,train
SV20210848,train
SV20210849,train
SV20210850,train
SV20210851,train
SV20210852,train
SV20210855,train
SV20210856,train
SV20210857,train
SV20210858,train
SV20210861,train
SV20210863,train
SV20210864,train
SV20210866,train
SV20210867,train
SV20210868,train
SV20210869,train
SV20210870,train
SV20210871,train
SV20210873,train
SV20210877,train
SV20210878,train
SV20210879,train
SV20210880,train
SV20210882,train
SV20210883,train
SV20210884,train
SV20210885,train
SV20210890,train
SV20210891,train
SV20210894,train
SV20210895,train
SV20210896,train
SV20210897,train
SV20210898,train
SV20210899,train
SV20210903,train
SV20210904,train
SV20210907,train
SV20210908,train
SV20210909,train
SV20210911,train
SV20210912,train
SV20210914,train
SV20210916,train
SV20210917,train
SV20210920,train
SV20210928,train
SV20210929,train
SV20210930,train
SV20210932,train
SV20210933,train
SV20210935,train
SV20210936,train
SV20210937,train
SV20210938,train
SV20210939,train
SV20210943,train
SV20210944,train
SV20210947,train
SV20210948,train
SV20210950,train
SV20210951,train
SV20210952,train
SV20210953,train
SV20210954,train
SV20210956,train
SV20210958,train
SV20210961,train
SV20210962,train
SV20210964,train
SV20210967,train
SV20210970,train
SV20210972,train
SV20210973,train
SV20210974,train
SV20210975,train
SV20210976,train
SV20210978,train
SV20210983,train
SV20210985,train
SV20210988,train
SV20210989,train
SV20210990,train
SV20210991,train
SV20210992,train
SV20210993,train
SV20210994,train
SV20210995,train
SV20210996,train
SV20210997,train
SV20211001,train
SV20211007,train
SV20211008,train
SV20211010,train
SV20211012,train
SV20211013,train
SV20211014,train
SV20211015,train
SV20211016,train
SV20211017,train
SV20211018,train
SV20211019,train
SV20211021,train
SV20211022,train
SV20211023,train
SV20211024,train
SV20211025,train
SV20211029,train
SV20211030,train
SV20211033,train
SV20211034,train
SV20211036,train
SV20211037,train
SV20211038,train
SV20211040,train
SV20211044,train
SV20211045,train
SV20211046,train
SV20211047,train
SV20211048,train
SV20211049,train
SV20211050,train
SV20211052,train
SV20211054,train
SV20211056,train
SV20211058,train
SV20211062,train
SV20211063,train
SV20211065,train
SV20211069,train
SV20211070,train
SV20211071,train
SV20211072,train
SV20211077,train
SV20211078,train
SV20211079,train
SV20211080,train
SV20211082,train
SV20211083,train
SV20211084,train
SV20211088,train
SV20211091,train
SV20211092,train
SV20211093,train
SV20211094,train
SV20211095,train
SV20211096,train
SV20211098,train
SV20211103,train
SV20211104,train
SV20211105,train
SV20211107,train
SV20211108,train
SV20211109,train
SV20211110,train
SV20211111,train
SV20211112,train
SV20211113,train
SV20211116,train
SV20211118,train
SV20211119,train
SV20211121,train
SV20211122,train
SV20211123,train
SV20211124,train
SV20211125,train
SV20211126,train
SV20211128,train
SV20211130,train
SV20211132,train
SV20211133,train
SV20211134,train
SV20211137,train
SV20211139,train
SV20211140,train
SV20211142,train
SV20211143,train
SV20211144,train
SV20211146,train
SV20211149,train
SV20211152,train
SV20211153,train
SV20211154,train
SV20211155,train
SV20211156,train
SV20211158,train
SV20211160,train
SV20211161,train
SV20211163,train
SV20211165,train
SV20211167,train
SV20211168,train
SV20211172,train
SV20211175,train
SV20211176,train
SV20211178,train
SV20211184,train
SV20211185,train
SV20211186,train
SV20211189,train
SV20211190,train
SV20211193,train
SV20211196,train
SV20211197,train
SV20211199,train
SV20211201,train
SV20211203,train
SV20211205,train
SV20211206,train
SV20211208,train
SV20211209,train
SV20211213,train
SV20211214,train
SV20211215,train
SV20211216,train
SV20211217,train
SV20211219,train
SV20211220,train
SV20211222,train
SV20211224,train
SV20211225,train
SV20211226,train
SV20211227,train
SV20211228,train
SV20211229,train
SV20211230,train
SV20211231,train
SV20211238,train
SV20211239,train
SV20211240,train
SV20211242,train
SV20211243,train
SV20211245,train
SV20211246,train
SV20211247,train
SV20211249,train
SV20211252,train
SV20211255,train
SV20211256,train
SV20211257,train
SV20211263,train
SV20211267,train
SV20211270,train
SV20211271,train
SV20211274,train
SV20211275,train
SV20211278,train
SV20211279,train
SV20211280,train
SV20211281,train
SV20211288,train
SV20211289,train
SV20211290,train
SV20211293,train
SV20211295,train
SV20211296,train
SV20211298,train
SV20211299,train
SV20211301,train
SV20211303,train
SV20211304,train
SV20211307,train
SV20211308,train
SV20211310,train
SV20211311,train
SV20211312,train
SV20211314,train
SV20211315,train
SV20211316,train
SV20211317,train
SV20211318,train
SV20211319,train
SV20211321,train
SV20211322,train
SV20211328,train
SV20211329,train
SV20211331,train
SV20211332,train
SV20211333,train
SV20211336,train
SV20211338,train
SV20211339,train
SV20211340,train
SV20211343,train
SV20211345,train
SV20211348,train
SV20211350,train
SV20211352,train
SV20211354,train
SV20211356,train
SV20211360,train
SV20211361,train
SV20211362,train
SV20211365,train
SV20211366,train
SV20211368,train
SV20211370,train
SV20211371,train
SV20211373,train
SV20211374,train
SV20211376,train
SV20211377,train
SV20211378,train
SV20211379,train
SV20211380,train
SV20211382,train
SV20211384,train
SV20211387,train
SV20211388,train
SV20211389,train
SV20211390,train
SV20211391,train
SV20211393,train
SV20211394,train
SV20211395,train
SV20211397,train
SV20211404,train
SV20211407,train
SV20211408,train
SV20211409,train
SV20211410,train
SV20211411,train
SV20211412,train
SV20211414,train
SV20211415,train
SV20211419,train
SV20211421,train
SV20211422,train
SV20211423,train
SV20211427,train
SV20211428,train
SV20211429,train
SV20211430,train
SV20211432,train
SV20211434,train
SV20211435,train
SV20211436,train
SV20211437,train
SV20211440,train
SV20211442,train
SV20211444,train
SV20211447,train
SV20211450,train
SV20211451,train
SV20211452,train
SV20211454,train
SV20211455,train
SV20211456,train
SV20211457,train
SV20211458,train
SV20211459,train
SV20211460,train
SV20211461,train
SV20211462,train
SV20211463,train
SV20211464,train
SV20211466,train
SV20211468,train
SV20211469,train
SV20211472,train
SV20211475,train
SV20211476,train
SV20211477,train
SV20211478,train
SV20211479,train
SV20211481,train
SV20211482,train
SV20211483,train
SV20211484,train
SV20211488,train
SV20211489,train
SV20211494,train
SV20211495,train
SV20211496,train
SV20211497,train
SV20211498,train
SV20211499,train
SV20211500,train
SV20210001,validation
SV20210017,validation
SV20210022,validation
SV20210032,validation
SV20210040,validation
SV20210042,validation
SV20210058,validation
SV20210061,validation
SV20210089,validation
SV20210090,validation
SV20210099,validation
SV20210104,validation
SV20210107,validation
SV20210119,validation
SV20210126,validation
SV20210133,validation
SV20210134,validation
SV20210136,validation
SV20210137,validation
SV20210139,validation
SV20210148,validation
SV20210151,validation
SV20210154,validation
SV20210156,validation
SV20210157,validation
SV20210163,validation
SV20210166,validation
SV20210168,validation
SV20210170,validation
SV20210172,validation
SV20210174,validation
SV20210175,validation
SV20210177,validation
SV20210178,validation
SV20210180,validation
SV20210198,validation
SV20210216,validation
SV20210217,validation
SV20210218,validation
SV20210226,validation
SV20210228,validation
SV20210229,validation
SV20210242,validation
SV20210250,validation
SV20210264,validation
SV20210270,validation
SV20210281,validation
SV20210283,validation
SV20210288,validation
SV20210291,validation
SV20210294,validation
SV20210300,validation
SV20210321,validation
SV20210324,validation
SV20210332,validation
SV20210333,validation
SV20210339,validation
SV20210350,validation
SV20210356,validation
SV20210361,validation
SV20210364,validation
SV20210376,validation
SV20210379,validation
SV20210387,validation
SV20210390,validation
SV20210396,validation
SV20210400,validation
SV20210403,validation
SV20210409,validation
SV20210413,validation
SV20210419,validation
SV20210422,validation
SV20210426,validation
SV20210430,validation
SV20210432,validation
SV20210443,validation
SV20210445,validation
SV20210451,validation
SV20210461,validation
SV20210466,validation
SV20210467,validation
SV20210478,validation
SV20210489,validation
SV20210490,validation
SV20210492,validation
SV20210493,validation
SV20210496,validation
SV20210504,validation
SV20210506,validation
SV20210510,validation
SV20210512,validation
SV20210520,validation
SV20210525,validation
SV20210532,validation
SV20210534,validation
SV20210536,validation
SV20210537,validation
SV20210538,validation
SV20210539,validation
SV20210543,validation
SV20210549,validation
SV20210552,validation
SV20210556,validation
SV20210557,validation
SV20210559,validation
SV20210563,validation
SV20210567,validation
SV20210568,validation
SV20210575,validation
SV20210582,validation
SV20210584,validation
SV20210585,validation
SV20210588,validation
SV20210595,validation
SV20210599,validation
SV20210613,validation
SV20210615,validation
SV20210626,validation
SV20210633,validation
SV20210635,validation
SV20210636,validation
SV20210639,validation
SV20210641,validation
SV20210647,validation
SV20210648,validation
SV20210654,validation
SV20210656,validation
SV20210657,validation
SV20210660,validation
SV20210663,validation
SV20210668,validation
SV20210670,validation
SV20210682,validation
SV20210685,validation
SV20210686,validation
SV20210714,validation
SV20210719,validation
SV20210721,validation
SV20210722,validation
SV20210729,validation
SV20210731,validation
SV20210738,validation
SV20210740,validation
SV20210745,validation
SV20210749,validation
SV20210753,validation
SV20210760,validation
SV20210761,validation
SV20210768,validation
SV20210771,validation
SV20210778,validation
SV20210780,validation
SV20210784,validation
SV20210785,validation
SV20210792,validation
SV20210794,validation
SV20210817,validation
SV20210821,validation
SV20210823,validation
SV20210829,validation
SV20210830,validation
SV20210832,validation
SV20210841,validation
SV20210854,validation
SV20210860,validation
SV20210872,validation
SV20210874,validation
SV20210876,validation
SV20210881,validation
SV20210886,validation
SV20210887,validation
SV20210892,validation
SV20210893,validation
SV20210901,validation
SV20210902,validation
SV20210906,validation
SV20210913,validation
SV20210915,validation
SV20210919,validation
SV20210921,validation
SV20210922,validation
SV20210923,validation
SV20210924,validation
SV20210926,validation
SV20210934,validation
SV20210941,validation
SV20210945,validation
SV20210946,validation
SV20210949,validation
SV20210955,validation
SV20210957,validation
SV20210959,validation
SV20210960,validation
SV20210966,validation
SV20210979,validation
SV20210980,validation
SV20210981,validation
SV20210982,validation
SV20211003,validation
SV20211004,validation
SV20211009,validation
SV20211011,validation
SV20211020,validation
SV20211026,validation
SV20211031,validation
SV20211032,validation
SV20211039,validation
SV20211041,validation
SV20211055,validation
SV20211057,validation
SV20211059,validation
SV20211060,validation
SV20211061,validation
SV20211073,validation
SV20211076,validation
SV20211087,validation
SV20211090,validation
SV20211099,validation
SV20211101,validation
SV20211114,validation
SV20211120,validation
SV20211127,validation
SV20211131,validation
SV20211136,validation
SV20211138,validation
SV20211148,validation
SV20211150,validation
SV20211159,validation
SV20211169,validation
SV20211177,validation
SV20211180,validation
SV20211181,validation
SV20211182,validation
SV20211183,validation
SV20211187,validation
SV20211194,validation
SV20211195,validation
SV20211202,validation
SV20211212,validation
SV20211218,validation
SV20211223,validation
SV20211241,validation
SV20211251,validation
SV20211253,validation
SV20211254,validation
SV20211258,validation
SV20211259,validation
SV20211261,validation
SV20211264,validation
SV20211265,validation
SV20211268,validation
SV20211272,validation
SV20211276,validation
SV20211283,validation
SV20211284,validation
SV20211286,validation
SV20211287,validation
SV20211291,validation
SV20211292,validation
SV20211300,validation
SV20211302,validation
SV20211309,validation
SV20211323,validation
SV20211324,validation
SV20211334,validation
SV20211341,validation
SV20211344,validation
SV20211351,validation
SV20211353,validation
SV20211355,validation
SV20211357,validation
SV20211363,validation
SV20211364,validation
SV20211367,validation
SV20211372,validation
SV20211375,validation
SV20211381,validation
SV20211385,validation
SV20211398,validation
SV20211399,validation
SV20211400,validation
SV20211401,validation
SV20211406,validation
SV20211413,validation
SV20211416,validation
SV20211417,validation
SV20211418,validation
SV20211424,validation
SV20211438,validation
SV20211439,validation
SV20211443,validation
SV20211445,validation
SV20211465,validation
SV20211470,validation
SV20211473,validation
SV20211480,validation
SV20211485,validation
SV20211486,validation
SV20211487,validation
SV20211493,validation
SV20210016,test
SV20210024,test
SV20210030,test
SV20210031,test
SV20210033,test
SV20210044,test
SV20210045,test
SV20210050,test
SV20210052,test
SV20210057,test
SV20210059,test
SV20210060,test
SV20210064,test
SV20210066,test
SV20210068,test
SV20210071,test
SV20210077,test
SV20210079,test
SV20210082,test
SV20210100,test
SV20210102,test
SV20210108,test
SV20210112,test
SV20210116,test
SV20210124,test
SV20210125,test
SV20210129,test
SV20210142,test
SV20210164,test
SV20210169,test
SV20210176,test
SV20210185,test
SV20210193,test
SV20210197,test
SV20210199,test
SV20210204,test
SV20210209,test
SV20210219,test
SV20210221,test
SV20210232,test
SV20210234,test
SV20210237,test
SV20210238,test
SV20210240,test
SV20210241,test
SV20210245,test
SV20210248,test
SV20210260,test
SV20210262,test
SV20210271,test
SV20210272,test
SV20210275,test
SV20210276,test
SV20210278,test
SV20210290,test
SV20210298,test
SV20210304,test
SV20210307,test
SV20210310,test
SV20210311,test
SV20210317,test
SV20210323,test
SV20210340,test
SV20210343,test
SV20210345,test
SV20210351,test
SV20210352,test
SV20210354,test
SV20210355,test
SV20210359,test
SV20210366,test
SV20210368,test
SV20210372,test
SV20210381,test
SV20210382,test
SV20210395,test
SV20210406,test
SV20210414,test
SV20210416,test
SV20210417,test
SV20210421,test
SV20210423,test
SV20210424,test
SV20210427,test
SV20210428,test
SV20210429,test
SV20210431,test
SV20210433,test
SV20210434,test
SV20210440,test
SV20210452,test
SV20210454,test
SV20210462,test
SV20210463,test
SV20210465,test
SV20210472,test
SV20210480,test
SV20210482,test
SV20210483,test
SV20210487,test
SV20210491,test
SV20210494,test
SV20210495,test
SV20210498,test
SV20210501,test
SV20210523,test
SV20210527,test
SV20210529,test
SV20210533,test
SV20210544,test
SV20210555,test
SV20210561,test
SV20210571,test
SV20210572,test
SV20210579,test
SV20210583,test
SV20210586,test
SV20210589,test
SV20210591,test
SV20210597,test
SV20210598,test
SV20210602,test
SV20210606,test
SV20210608,test
SV20210611,test
SV20210619,test
SV20210621,test
SV20210622,test
SV20210627,test
SV20210630,test
SV20210637,test
SV20210655,test
SV20210675,test
SV20210680,test
SV20210683,test
SV20210695,test
SV20210701,test
SV20210705,test
SV20210707,test
SV20210713,test
SV20210716,test
SV20210725,test
SV20210737,test
SV20210742,test
SV20210744,test
SV20210746,test
SV20210755,test
SV20210756,test
SV20210763,test
SV20210766,test
SV20210781,test
SV20210783,test
SV20210793,test
SV20210799,test
SV20210800,test
SV20210812,test
SV20210814,test
SV20210818,test
SV20210819,test
SV20210825,test
SV20210839,test
SV20210844,test
SV20210853,test
SV20210859,test
SV20210862,test
SV20210865,test
SV20210875,test
SV20210888,test
SV20210889,test
SV20210900,test
SV20210905,test
SV20210910,test
SV20210918,test
SV20210925,test
SV20210927,test
SV20210931,test
SV20210940,test
SV20210942,test
SV20210963,test
SV20210965,test
SV20210968,test
SV20210969,test
SV20210971,test
SV20210977,test
SV20210984,test
SV20210986,test
SV20210987,test
SV20210998,test
SV20210999,test
SV20211000,test
SV20211002,test
SV20211005,test
SV20211006,test
SV20211027,test
SV20211028,test
SV20211035,test
SV20211042,test
SV20211043,test
SV20211051,test
SV20211053,test
SV20211064,test
SV20211066,test
SV20211067,test
SV20211068,test
SV20211074,test
SV20211075,test
SV20211081,test
SV20211085,test
SV20211086,test
SV20211089,test
SV20211097,test
SV20211100,test
SV20211102,test
SV20211106,test
SV20211115,test
SV20211117,test
SV20211129,test
SV20211135,test
SV20211141,test
SV20211145,test
SV20211147,test
SV20211151,test
SV20211157,test
SV20211162,test
SV20211164,test
SV20211166,test
SV20211170,test
SV20211171,test
SV20211173,test
SV20211174,test
SV20211179,test
SV20211188,test
SV20211191,test
SV20211192,test
SV20211198,test
SV20211200,test
SV20211204,test
SV20211207,test
SV20211210,test
SV20211211,test
SV20211221,test
SV20211232,test
SV20211233,test
SV20211234,test
SV20211235,test
SV20211236,test
SV20211237,test
SV20211244,test
SV20211248,test
SV20211250,test
SV20211260,test
SV20211262,test
SV20211266,test
SV20211269,test
SV20211273,test
SV20211277,test
SV20211282,test
SV20211285,test
SV20211294,test
SV20211297,test
SV20211305,test
SV20211306,test
SV20211313,test
SV20211320,test
SV20211325,test
SV20211326,test
SV20211327,test
SV20211330,test
SV20211335,test
SV20211337,test
SV20211342,test
SV20211346,test
SV20211347,test
SV20211349,test
SV20211358,test
SV20211359,test
SV20211369,test
SV20211383,test
SV20211386,test
SV20211392,test
SV20211396,test
SV20211402,test
SV20211403,test
SV20211405,test
SV20211420,test
SV20211425,test
SV20211426,test
SV20211431,test
SV20211433,test
SV20211441,test
SV20211446,test
SV20211448,test
SV20211449,test
SV20211453,test
SV20211467,test
SV20211471,test
SV20211474,test
SV20211490,test
SV20211491,test
SV20211492,test
